State,!,',(,),*,+,-,/,0,1,2,3,4,5,6,7,8,9,:,;,<,=,>,A,B,C,D,E,F,G,H,I,J,K,L,M,N,O,P,Q,R,S,T,U,V,W,X,Y,Z,_,a,b,c,d,e,f,g,h,i,j,k,l,m,n,o,p,q,r,s,t,u,v,w,x,y,z,{,}
-><S>,[<!1><!=1>],<2A>,<(1>,<)1>,<*1>,<+1>,<-1>,</1>,<1A>,<1A>,<1A>,<1A>,<1A>,<1A>,<1A>,<1A>,<1A>,<1A>,<:1>,<;1>,[<<1><<=1>],[<=1><==1>],[<>1><>=1>],<0A>,<0A>,<0A>,<0A>,<0A>,<0A>,<0A>,<0A>,<0A>,<0A>,<0A>,<0A>,<0A>,<0A>,<0A>,<0A>,<0A>,<0A>,<0A>,<0A>,<0A>,<0A>,<0A>,<0A>,<0A>,<0A>,<ErrorState>,<0A>,<0A>,[<0A><char1>],<0A>,[<0A><else1>],<0A>,[<0A><goto1>],<0A>,[<0A><if1><int1>],<0A>,<0A>,<0A>,<0A>,<0A>,<0A>,<0A>,<0A>,<0A>,<0A>,<0A>,<0A>,<0A>,[<0A><while1>],<0A>,<0A>,<0A>,<{1>,<}1>
*[<0A><if1><int1>],<ErrorState>,<ErrorState>,<ErrorState>,<ErrorState>,<ErrorState>,<ErrorState>,<ErrorState>,<ErrorState>,<0A>,<0A>,<0A>,<0A>,<0A>,<0A>,<0A>,<0A>,<0A>,<0A>,<ErrorState>,<ErrorState>,<ErrorState>,<ErrorState>,<ErrorState>,<0A>,<0A>,<0A>,<0A>,<0A>,<0A>,<0A>,<0A>,<0A>,<0A>,<0A>,<0A>,<0A>,<0A>,<0A>,<0A>,<0A>,<0A>,<0A>,<0A>,<0A>,<0A>,<0A>,<0A>,<0A>,<0A>,<0A>,<0A>,<0A>,<0A>,<0A>,<0A>,[<0A><if2>],<0A>,<0A>,<0A>,<0A>,<0A>,<0A>,<0A>,[<0A><int2>],<0A>,<0A>,<0A>,<0A>,<0A>,<0A>,<0A>,<0A>,<0A>,<0A>,<0A>,<0A>,<ErrorState>,<ErrorState>
*[<0A><char1>],<ErrorState>,<ErrorState>,<ErrorState>,<ErrorState>,<ErrorState>,<ErrorState>,<ErrorState>,<ErrorState>,<0A>,<0A>,<0A>,<0A>,<0A>,<0A>,<0A>,<0A>,<0A>,<0A>,<ErrorState>,<ErrorState>,<ErrorState>,<ErrorState>,<ErrorState>,<0A>,<0A>,<0A>,<0A>,<0A>,<0A>,<0A>,<0A>,<0A>,<0A>,<0A>,<0A>,<0A>,<0A>,<0A>,<0A>,<0A>,<0A>,<0A>,<0A>,<0A>,<0A>,<0A>,<0A>,<0A>,<0A>,<0A>,<0A>,<0A>,<0A>,<0A>,<0A>,<0A>,<0A>,[<0A><char2>],<0A>,<0A>,<0A>,<0A>,<0A>,<0A>,<0A>,<0A>,<0A>,<0A>,<0A>,<0A>,<0A>,<0A>,<0A>,<0A>,<0A>,<0A>,<ErrorState>,<ErrorState>
*[<0A><while1>],<ErrorState>,<ErrorState>,<ErrorState>,<ErrorState>,<ErrorState>,<ErrorState>,<ErrorState>,<ErrorState>,<0A>,<0A>,<0A>,<0A>,<0A>,<0A>,<0A>,<0A>,<0A>,<0A>,<ErrorState>,<ErrorState>,<ErrorState>,<ErrorState>,<ErrorState>,<0A>,<0A>,<0A>,<0A>,<0A>,<0A>,<0A>,<0A>,<0A>,<0A>,<0A>,<0A>,<0A>,<0A>,<0A>,<0A>,<0A>,<0A>,<0A>,<0A>,<0A>,<0A>,<0A>,<0A>,<0A>,<0A>,<0A>,<0A>,<0A>,<0A>,<0A>,<0A>,<0A>,<0A>,[<0A><while2>],<0A>,<0A>,<0A>,<0A>,<0A>,<0A>,<0A>,<0A>,<0A>,<0A>,<0A>,<0A>,<0A>,<0A>,<0A>,<0A>,<0A>,<0A>,<ErrorState>,<ErrorState>
*[<0A><else1>],<ErrorState>,<ErrorState>,<ErrorState>,<ErrorState>,<ErrorState>,<ErrorState>,<ErrorState>,<ErrorState>,<0A>,<0A>,<0A>,<0A>,<0A>,<0A>,<0A>,<0A>,<0A>,<0A>,<ErrorState>,<ErrorState>,<ErrorState>,<ErrorState>,<ErrorState>,<0A>,<0A>,<0A>,<0A>,<0A>,<0A>,<0A>,<0A>,<0A>,<0A>,<0A>,<0A>,<0A>,<0A>,<0A>,<0A>,<0A>,<0A>,<0A>,<0A>,<0A>,<0A>,<0A>,<0A>,<0A>,<0A>,<0A>,<0A>,<0A>,<0A>,<0A>,<0A>,<0A>,<0A>,<0A>,<0A>,<0A>,<0A>,[<0A><else2>],<0A>,<0A>,<0A>,<0A>,<0A>,<0A>,<0A>,<0A>,<0A>,<0A>,<0A>,<0A>,<0A>,<0A>,<ErrorState>,<ErrorState>
*[<0A><goto1>],<ErrorState>,<ErrorState>,<ErrorState>,<ErrorState>,<ErrorState>,<ErrorState>,<ErrorState>,<ErrorState>,<0A>,<0A>,<0A>,<0A>,<0A>,<0A>,<0A>,<0A>,<0A>,<0A>,<ErrorState>,<ErrorState>,<ErrorState>,<ErrorState>,<ErrorState>,<0A>,<0A>,<0A>,<0A>,<0A>,<0A>,<0A>,<0A>,<0A>,<0A>,<0A>,<0A>,<0A>,<0A>,<0A>,<0A>,<0A>,<0A>,<0A>,<0A>,<0A>,<0A>,<0A>,<0A>,<0A>,<0A>,<0A>,<0A>,<0A>,<0A>,<0A>,<0A>,<0A>,<0A>,<0A>,<0A>,<0A>,<0A>,<0A>,<0A>,<0A>,[<0A><goto2>],<0A>,<0A>,<0A>,<0A>,<0A>,<0A>,<0A>,<0A>,<0A>,<0A>,<0A>,<ErrorState>,<ErrorState>
*<:1>,<ErrorState>,<ErrorState>,<ErrorState>,<ErrorState>,<ErrorState>,<ErrorState>,<ErrorState>,<ErrorState>,<ErrorState>,<ErrorState>,<ErrorState>,<ErrorState>,<ErrorState>,<ErrorState>,<ErrorState>,<ErrorState>,<ErrorState>,<ErrorState>,<ErrorState>,<ErrorState>,<ErrorState>,<ErrorState>,<ErrorState>,<ErrorState>,<ErrorState>,<ErrorState>,<ErrorState>,<ErrorState>,<ErrorState>,<ErrorState>,<ErrorState>,<ErrorState>,<ErrorState>,<ErrorState>,<ErrorState>,<ErrorState>,<ErrorState>,<ErrorState>,<ErrorState>,<ErrorState>,<ErrorState>,<ErrorState>,<ErrorState>,<ErrorState>,<ErrorState>,<ErrorState>,<ErrorState>,<ErrorState>,<ErrorState>,<ErrorState>,<ErrorState>,<ErrorState>,<ErrorState>,<ErrorState>,<ErrorState>,<ErrorState>,<ErrorState>,<ErrorState>,<ErrorState>,<ErrorState>,<ErrorState>,<ErrorState>,<ErrorState>,<ErrorState>,<ErrorState>,<ErrorState>,<ErrorState>,<ErrorState>,<ErrorState>,<ErrorState>,<ErrorState>,<ErrorState>,<ErrorState>,<ErrorState>,<ErrorState>,<ErrorState>,<ErrorState>,<ErrorState>
*<(1>,<ErrorState>,<ErrorState>,<ErrorState>,<ErrorState>,<ErrorState>,<ErrorState>,<ErrorState>,<ErrorState>,<ErrorState>,<ErrorState>,<ErrorState>,<ErrorState>,<ErrorState>,<ErrorState>,<ErrorState>,<ErrorState>,<ErrorState>,<ErrorState>,<ErrorState>,<ErrorState>,<ErrorState>,<ErrorState>,<ErrorState>,<ErrorState>,<ErrorState>,<ErrorState>,<ErrorState>,<ErrorState>,<ErrorState>,<ErrorState>,<ErrorState>,<ErrorState>,<ErrorState>,<ErrorState>,<ErrorState>,<ErrorState>,<ErrorState>,<ErrorState>,<ErrorState>,<ErrorState>,<ErrorState>,<ErrorState>,<ErrorState>,<ErrorState>,<ErrorState>,<ErrorState>,<ErrorState>,<ErrorState>,<ErrorState>,<ErrorState>,<ErrorState>,<ErrorState>,<ErrorState>,<ErrorState>,<ErrorState>,<ErrorState>,<ErrorState>,<ErrorState>,<ErrorState>,<ErrorState>,<ErrorState>,<ErrorState>,<ErrorState>,<ErrorState>,<ErrorState>,<ErrorState>,<ErrorState>,<ErrorState>,<ErrorState>,<ErrorState>,<ErrorState>,<ErrorState>,<ErrorState>,<ErrorState>,<ErrorState>,<ErrorState>,<ErrorState>,<ErrorState>
*<)1>,<ErrorState>,<ErrorState>,<ErrorState>,<ErrorState>,<ErrorState>,<ErrorState>,<ErrorState>,<ErrorState>,<ErrorState>,<ErrorState>,<ErrorState>,<ErrorState>,<ErrorState>,<ErrorState>,<ErrorState>,<ErrorState>,<ErrorState>,<ErrorState>,<ErrorState>,<ErrorState>,<ErrorState>,<ErrorState>,<ErrorState>,<ErrorState>,<ErrorState>,<ErrorState>,<ErrorState>,<ErrorState>,<ErrorState>,<ErrorState>,<ErrorState>,<ErrorState>,<ErrorState>,<ErrorState>,<ErrorState>,<ErrorState>,<ErrorState>,<ErrorState>,<ErrorState>,<ErrorState>,<ErrorState>,<ErrorState>,<ErrorState>,<ErrorState>,<ErrorState>,<ErrorState>,<ErrorState>,<ErrorState>,<ErrorState>,<ErrorState>,<ErrorState>,<ErrorState>,<ErrorState>,<ErrorState>,<ErrorState>,<ErrorState>,<ErrorState>,<ErrorState>,<ErrorState>,<ErrorState>,<ErrorState>,<ErrorState>,<ErrorState>,<ErrorState>,<ErrorState>,<ErrorState>,<ErrorState>,<ErrorState>,<ErrorState>,<ErrorState>,<ErrorState>,<ErrorState>,<ErrorState>,<ErrorState>,<ErrorState>,<ErrorState>,<ErrorState>,<ErrorState>
*<;1>,<ErrorState>,<ErrorState>,<ErrorState>,<ErrorState>,<ErrorState>,<ErrorState>,<ErrorState>,<ErrorState>,<ErrorState>,<ErrorState>,<ErrorState>,<ErrorState>,<ErrorState>,<ErrorState>,<ErrorState>,<ErrorState>,<ErrorState>,<ErrorState>,<ErrorState>,<ErrorState>,<ErrorState>,<ErrorState>,<ErrorState>,<ErrorState>,<ErrorState>,<ErrorState>,<ErrorState>,<ErrorState>,<ErrorState>,<ErrorState>,<ErrorState>,<ErrorState>,<ErrorState>,<ErrorState>,<ErrorState>,<ErrorState>,<ErrorState>,<ErrorState>,<ErrorState>,<ErrorState>,<ErrorState>,<ErrorState>,<ErrorState>,<ErrorState>,<ErrorState>,<ErrorState>,<ErrorState>,<ErrorState>,<ErrorState>,<ErrorState>,<ErrorState>,<ErrorState>,<ErrorState>,<ErrorState>,<ErrorState>,<ErrorState>,<ErrorState>,<ErrorState>,<ErrorState>,<ErrorState>,<ErrorState>,<ErrorState>,<ErrorState>,<ErrorState>,<ErrorState>,<ErrorState>,<ErrorState>,<ErrorState>,<ErrorState>,<ErrorState>,<ErrorState>,<ErrorState>,<ErrorState>,<ErrorState>,<ErrorState>,<ErrorState>,<ErrorState>,<ErrorState>
*<{1>,<ErrorState>,<ErrorState>,<ErrorState>,<ErrorState>,<ErrorState>,<ErrorState>,<ErrorState>,<ErrorState>,<ErrorState>,<ErrorState>,<ErrorState>,<ErrorState>,<ErrorState>,<ErrorState>,<ErrorState>,<ErrorState>,<ErrorState>,<ErrorState>,<ErrorState>,<ErrorState>,<ErrorState>,<ErrorState>,<ErrorState>,<ErrorState>,<ErrorState>,<ErrorState>,<ErrorState>,<ErrorState>,<ErrorState>,<ErrorState>,<ErrorState>,<ErrorState>,<ErrorState>,<ErrorState>,<ErrorState>,<ErrorState>,<ErrorState>,<ErrorState>,<ErrorState>,<ErrorState>,<ErrorState>,<ErrorState>,<ErrorState>,<ErrorState>,<ErrorState>,<ErrorState>,<ErrorState>,<ErrorState>,<ErrorState>,<ErrorState>,<ErrorState>,<ErrorState>,<ErrorState>,<ErrorState>,<ErrorState>,<ErrorState>,<ErrorState>,<ErrorState>,<ErrorState>,<ErrorState>,<ErrorState>,<ErrorState>,<ErrorState>,<ErrorState>,<ErrorState>,<ErrorState>,<ErrorState>,<ErrorState>,<ErrorState>,<ErrorState>,<ErrorState>,<ErrorState>,<ErrorState>,<ErrorState>,<ErrorState>,<ErrorState>,<ErrorState>,<ErrorState>
*<}1>,<ErrorState>,<ErrorState>,<ErrorState>,<ErrorState>,<ErrorState>,<ErrorState>,<ErrorState>,<ErrorState>,<ErrorState>,<ErrorState>,<ErrorState>,<ErrorState>,<ErrorState>,<ErrorState>,<ErrorState>,<ErrorState>,<ErrorState>,<ErrorState>,<ErrorState>,<ErrorState>,<ErrorState>,<ErrorState>,<ErrorState>,<ErrorState>,<ErrorState>,<ErrorState>,<ErrorState>,<ErrorState>,<ErrorState>,<ErrorState>,<ErrorState>,<ErrorState>,<ErrorState>,<ErrorState>,<ErrorState>,<ErrorState>,<ErrorState>,<ErrorState>,<ErrorState>,<ErrorState>,<ErrorState>,<ErrorState>,<ErrorState>,<ErrorState>,<ErrorState>,<ErrorState>,<ErrorState>,<ErrorState>,<ErrorState>,<ErrorState>,<ErrorState>,<ErrorState>,<ErrorState>,<ErrorState>,<ErrorState>,<ErrorState>,<ErrorState>,<ErrorState>,<ErrorState>,<ErrorState>,<ErrorState>,<ErrorState>,<ErrorState>,<ErrorState>,<ErrorState>,<ErrorState>,<ErrorState>,<ErrorState>,<ErrorState>,<ErrorState>,<ErrorState>,<ErrorState>,<ErrorState>,<ErrorState>,<ErrorState>,<ErrorState>,<ErrorState>,<ErrorState>
*[<=1><==1>],<ErrorState>,<ErrorState>,<ErrorState>,<ErrorState>,<ErrorState>,<ErrorState>,<ErrorState>,<ErrorState>,<ErrorState>,<ErrorState>,<ErrorState>,<ErrorState>,<ErrorState>,<ErrorState>,<ErrorState>,<ErrorState>,<ErrorState>,<ErrorState>,<ErrorState>,<ErrorState>,<ErrorState>,<==2>,<ErrorState>,<ErrorState>,<ErrorState>,<ErrorState>,<ErrorState>,<ErrorState>,<ErrorState>,<ErrorState>,<ErrorState>,<ErrorState>,<ErrorState>,<ErrorState>,<ErrorState>,<ErrorState>,<ErrorState>,<ErrorState>,<ErrorState>,<ErrorState>,<ErrorState>,<ErrorState>,<ErrorState>,<ErrorState>,<ErrorState>,<ErrorState>,<ErrorState>,<ErrorState>,<ErrorState>,<ErrorState>,<ErrorState>,<ErrorState>,<ErrorState>,<ErrorState>,<ErrorState>,<ErrorState>,<ErrorState>,<ErrorState>,<ErrorState>,<ErrorState>,<ErrorState>,<ErrorState>,<ErrorState>,<ErrorState>,<ErrorState>,<ErrorState>,<ErrorState>,<ErrorState>,<ErrorState>,<ErrorState>,<ErrorState>,<ErrorState>,<ErrorState>,<ErrorState>,<ErrorState>,<ErrorState>,<ErrorState>,<ErrorState>
*[<!1><!=1>],<ErrorState>,<ErrorState>,<ErrorState>,<ErrorState>,<ErrorState>,<ErrorState>,<ErrorState>,<ErrorState>,<ErrorState>,<ErrorState>,<ErrorState>,<ErrorState>,<ErrorState>,<ErrorState>,<ErrorState>,<ErrorState>,<ErrorState>,<ErrorState>,<ErrorState>,<ErrorState>,<ErrorState>,<!=2>,<ErrorState>,<ErrorState>,<ErrorState>,<ErrorState>,<ErrorState>,<ErrorState>,<ErrorState>,<ErrorState>,<ErrorState>,<ErrorState>,<ErrorState>,<ErrorState>,<ErrorState>,<ErrorState>,<ErrorState>,<ErrorState>,<ErrorState>,<ErrorState>,<ErrorState>,<ErrorState>,<ErrorState>,<ErrorState>,<ErrorState>,<ErrorState>,<ErrorState>,<ErrorState>,<ErrorState>,<ErrorState>,<ErrorState>,<ErrorState>,<ErrorState>,<ErrorState>,<ErrorState>,<ErrorState>,<ErrorState>,<ErrorState>,<ErrorState>,<ErrorState>,<ErrorState>,<ErrorState>,<ErrorState>,<ErrorState>,<ErrorState>,<ErrorState>,<ErrorState>,<ErrorState>,<ErrorState>,<ErrorState>,<ErrorState>,<ErrorState>,<ErrorState>,<ErrorState>,<ErrorState>,<ErrorState>,<ErrorState>,<ErrorState>
*<+1>,<ErrorState>,<ErrorState>,<ErrorState>,<ErrorState>,<ErrorState>,<ErrorState>,<ErrorState>,<ErrorState>,<ErrorState>,<ErrorState>,<ErrorState>,<ErrorState>,<ErrorState>,<ErrorState>,<ErrorState>,<ErrorState>,<ErrorState>,<ErrorState>,<ErrorState>,<ErrorState>,<ErrorState>,<ErrorState>,<ErrorState>,<ErrorState>,<ErrorState>,<ErrorState>,<ErrorState>,<ErrorState>,<ErrorState>,<ErrorState>,<ErrorState>,<ErrorState>,<ErrorState>,<ErrorState>,<ErrorState>,<ErrorState>,<ErrorState>,<ErrorState>,<ErrorState>,<ErrorState>,<ErrorState>,<ErrorState>,<ErrorState>,<ErrorState>,<ErrorState>,<ErrorState>,<ErrorState>,<ErrorState>,<ErrorState>,<ErrorState>,<ErrorState>,<ErrorState>,<ErrorState>,<ErrorState>,<ErrorState>,<ErrorState>,<ErrorState>,<ErrorState>,<ErrorState>,<ErrorState>,<ErrorState>,<ErrorState>,<ErrorState>,<ErrorState>,<ErrorState>,<ErrorState>,<ErrorState>,<ErrorState>,<ErrorState>,<ErrorState>,<ErrorState>,<ErrorState>,<ErrorState>,<ErrorState>,<ErrorState>,<ErrorState>,<ErrorState>,<ErrorState>
*<-1>,<ErrorState>,<ErrorState>,<ErrorState>,<ErrorState>,<ErrorState>,<ErrorState>,<ErrorState>,<ErrorState>,<ErrorState>,<ErrorState>,<ErrorState>,<ErrorState>,<ErrorState>,<ErrorState>,<ErrorState>,<ErrorState>,<ErrorState>,<ErrorState>,<ErrorState>,<ErrorState>,<ErrorState>,<ErrorState>,<ErrorState>,<ErrorState>,<ErrorState>,<ErrorState>,<ErrorState>,<ErrorState>,<ErrorState>,<ErrorState>,<ErrorState>,<ErrorState>,<ErrorState>,<ErrorState>,<ErrorState>,<ErrorState>,<ErrorState>,<ErrorState>,<ErrorState>,<ErrorState>,<ErrorState>,<ErrorState>,<ErrorState>,<ErrorState>,<ErrorState>,<ErrorState>,<ErrorState>,<ErrorState>,<ErrorState>,<ErrorState>,<ErrorState>,<ErrorState>,<ErrorState>,<ErrorState>,<ErrorState>,<ErrorState>,<ErrorState>,<ErrorState>,<ErrorState>,<ErrorState>,<ErrorState>,<ErrorState>,<ErrorState>,<ErrorState>,<ErrorState>,<ErrorState>,<ErrorState>,<ErrorState>,<ErrorState>,<ErrorState>,<ErrorState>,<ErrorState>,<ErrorState>,<ErrorState>,<ErrorState>,<ErrorState>,<ErrorState>,<ErrorState>
*<*1>,<ErrorState>,<ErrorState>,<ErrorState>,<ErrorState>,<ErrorState>,<ErrorState>,<ErrorState>,<ErrorState>,<ErrorState>,<ErrorState>,<ErrorState>,<ErrorState>,<ErrorState>,<ErrorState>,<ErrorState>,<ErrorState>,<ErrorState>,<ErrorState>,<ErrorState>,<ErrorState>,<ErrorState>,<ErrorState>,<ErrorState>,<ErrorState>,<ErrorState>,<ErrorState>,<ErrorState>,<ErrorState>,<ErrorState>,<ErrorState>,<ErrorState>,<ErrorState>,<ErrorState>,<ErrorState>,<ErrorState>,<ErrorState>,<ErrorState>,<ErrorState>,<ErrorState>,<ErrorState>,<ErrorState>,<ErrorState>,<ErrorState>,<ErrorState>,<ErrorState>,<ErrorState>,<ErrorState>,<ErrorState>,<ErrorState>,<ErrorState>,<ErrorState>,<ErrorState>,<ErrorState>,<ErrorState>,<ErrorState>,<ErrorState>,<ErrorState>,<ErrorState>,<ErrorState>,<ErrorState>,<ErrorState>,<ErrorState>,<ErrorState>,<ErrorState>,<ErrorState>,<ErrorState>,<ErrorState>,<ErrorState>,<ErrorState>,<ErrorState>,<ErrorState>,<ErrorState>,<ErrorState>,<ErrorState>,<ErrorState>,<ErrorState>,<ErrorState>,<ErrorState>
*</1>,<ErrorState>,<ErrorState>,<ErrorState>,<ErrorState>,<ErrorState>,<ErrorState>,<ErrorState>,<ErrorState>,<ErrorState>,<ErrorState>,<ErrorState>,<ErrorState>,<ErrorState>,<ErrorState>,<ErrorState>,<ErrorState>,<ErrorState>,<ErrorState>,<ErrorState>,<ErrorState>,<ErrorState>,<ErrorState>,<ErrorState>,<ErrorState>,<ErrorState>,<ErrorState>,<ErrorState>,<ErrorState>,<ErrorState>,<ErrorState>,<ErrorState>,<ErrorState>,<ErrorState>,<ErrorState>,<ErrorState>,<ErrorState>,<ErrorState>,<ErrorState>,<ErrorState>,<ErrorState>,<ErrorState>,<ErrorState>,<ErrorState>,<ErrorState>,<ErrorState>,<ErrorState>,<ErrorState>,<ErrorState>,<ErrorState>,<ErrorState>,<ErrorState>,<ErrorState>,<ErrorState>,<ErrorState>,<ErrorState>,<ErrorState>,<ErrorState>,<ErrorState>,<ErrorState>,<ErrorState>,<ErrorState>,<ErrorState>,<ErrorState>,<ErrorState>,<ErrorState>,<ErrorState>,<ErrorState>,<ErrorState>,<ErrorState>,<ErrorState>,<ErrorState>,<ErrorState>,<ErrorState>,<ErrorState>,<ErrorState>,<ErrorState>,<ErrorState>,<ErrorState>
*[<>1><>=1>],<ErrorState>,<ErrorState>,<ErrorState>,<ErrorState>,<ErrorState>,<ErrorState>,<ErrorState>,<ErrorState>,<ErrorState>,<ErrorState>,<ErrorState>,<ErrorState>,<ErrorState>,<ErrorState>,<ErrorState>,<ErrorState>,<ErrorState>,<ErrorState>,<ErrorState>,<ErrorState>,<ErrorState>,<>=2>,<ErrorState>,<ErrorState>,<ErrorState>,<ErrorState>,<ErrorState>,<ErrorState>,<ErrorState>,<ErrorState>,<ErrorState>,<ErrorState>,<ErrorState>,<ErrorState>,<ErrorState>,<ErrorState>,<ErrorState>,<ErrorState>,<ErrorState>,<ErrorState>,<ErrorState>,<ErrorState>,<ErrorState>,<ErrorState>,<ErrorState>,<ErrorState>,<ErrorState>,<ErrorState>,<ErrorState>,<ErrorState>,<ErrorState>,<ErrorState>,<ErrorState>,<ErrorState>,<ErrorState>,<ErrorState>,<ErrorState>,<ErrorState>,<ErrorState>,<ErrorState>,<ErrorState>,<ErrorState>,<ErrorState>,<ErrorState>,<ErrorState>,<ErrorState>,<ErrorState>,<ErrorState>,<ErrorState>,<ErrorState>,<ErrorState>,<ErrorState>,<ErrorState>,<ErrorState>,<ErrorState>,<ErrorState>,<ErrorState>,<ErrorState>
*[<<1><<=1>],<ErrorState>,<ErrorState>,<ErrorState>,<ErrorState>,<ErrorState>,<ErrorState>,<ErrorState>,<ErrorState>,<ErrorState>,<ErrorState>,<ErrorState>,<ErrorState>,<ErrorState>,<ErrorState>,<ErrorState>,<ErrorState>,<ErrorState>,<ErrorState>,<ErrorState>,<ErrorState>,<ErrorState>,<<=2>,<ErrorState>,<ErrorState>,<ErrorState>,<ErrorState>,<ErrorState>,<ErrorState>,<ErrorState>,<ErrorState>,<ErrorState>,<ErrorState>,<ErrorState>,<ErrorState>,<ErrorState>,<ErrorState>,<ErrorState>,<ErrorState>,<ErrorState>,<ErrorState>,<ErrorState>,<ErrorState>,<ErrorState>,<ErrorState>,<ErrorState>,<ErrorState>,<ErrorState>,<ErrorState>,<ErrorState>,<ErrorState>,<ErrorState>,<ErrorState>,<ErrorState>,<ErrorState>,<ErrorState>,<ErrorState>,<ErrorState>,<ErrorState>,<ErrorState>,<ErrorState>,<ErrorState>,<ErrorState>,<ErrorState>,<ErrorState>,<ErrorState>,<ErrorState>,<ErrorState>,<ErrorState>,<ErrorState>,<ErrorState>,<ErrorState>,<ErrorState>,<ErrorState>,<ErrorState>,<ErrorState>,<ErrorState>,<ErrorState>,<ErrorState>
*<0A>,<ErrorState>,<ErrorState>,<ErrorState>,<ErrorState>,<ErrorState>,<ErrorState>,<ErrorState>,<ErrorState>,<0A>,<0A>,<0A>,<0A>,<0A>,<0A>,<0A>,<0A>,<0A>,<0A>,<ErrorState>,<ErrorState>,<ErrorState>,<ErrorState>,<ErrorState>,<0A>,<0A>,<0A>,<0A>,<0A>,<0A>,<0A>,<0A>,<0A>,<0A>,<0A>,<0A>,<0A>,<0A>,<0A>,<0A>,<0A>,<0A>,<0A>,<0A>,<0A>,<0A>,<0A>,<0A>,<0A>,<0A>,<0A>,<0A>,<0A>,<0A>,<0A>,<0A>,<0A>,<0A>,<0A>,<0A>,<0A>,<0A>,<0A>,<0A>,<0A>,<0A>,<0A>,<0A>,<0A>,<0A>,<0A>,<0A>,<0A>,<0A>,<0A>,<0A>,<0A>,<ErrorState>,<ErrorState>
*<1A>,<ErrorState>,<ErrorState>,<ErrorState>,<ErrorState>,<ErrorState>,<ErrorState>,<ErrorState>,<ErrorState>,<1A>,<1A>,<1A>,<1A>,<1A>,<1A>,<1A>,<1A>,<1A>,<1A>,<ErrorState>,<ErrorState>,<ErrorState>,<ErrorState>,<ErrorState>,<ErrorState>,<ErrorState>,<ErrorState>,<ErrorState>,<ErrorState>,<ErrorState>,<ErrorState>,<ErrorState>,<ErrorState>,<ErrorState>,<ErrorState>,<ErrorState>,<ErrorState>,<ErrorState>,<ErrorState>,<ErrorState>,<ErrorState>,<ErrorState>,<ErrorState>,<ErrorState>,<ErrorState>,<ErrorState>,<ErrorState>,<ErrorState>,<ErrorState>,<ErrorState>,<ErrorState>,<ErrorState>,<ErrorState>,<ErrorState>,<ErrorState>,<ErrorState>,<ErrorState>,<ErrorState>,<ErrorState>,<ErrorState>,<ErrorState>,<ErrorState>,<ErrorState>,<ErrorState>,<ErrorState>,<ErrorState>,<ErrorState>,<ErrorState>,<ErrorState>,<ErrorState>,<ErrorState>,<ErrorState>,<ErrorState>,<ErrorState>,<ErrorState>,<ErrorState>,<ErrorState>,<ErrorState>,<ErrorState>
<2A>,<ErrorState>,<ErrorState>,<ErrorState>,<ErrorState>,<ErrorState>,<ErrorState>,<ErrorState>,<ErrorState>,<ErrorState>,<ErrorState>,<ErrorState>,<ErrorState>,<ErrorState>,<ErrorState>,<ErrorState>,<ErrorState>,<ErrorState>,<ErrorState>,<ErrorState>,<ErrorState>,<ErrorState>,<ErrorState>,<ErrorState>,<2B>,<2B>,<2B>,<2B>,<2B>,<2B>,<2B>,<2B>,<2B>,<2B>,<2B>,<2B>,<2B>,<2B>,<2B>,<2B>,<2B>,<2B>,<2B>,<2B>,<2B>,<2B>,<2B>,<2B>,<2B>,<2B>,<ErrorState>,<2B>,<2B>,<2B>,<2B>,<2B>,<2B>,<2B>,<2B>,<2B>,<2B>,<2B>,<2B>,<2B>,<2B>,<2B>,<2B>,<2B>,<2B>,<2B>,<2B>,<2B>,<2B>,<2B>,<2B>,<2B>,<2B>,<ErrorState>,<ErrorState>
*[<0A><if2>],<ErrorState>,<ErrorState>,<ErrorState>,<ErrorState>,<ErrorState>,<ErrorState>,<ErrorState>,<ErrorState>,<0A>,<0A>,<0A>,<0A>,<0A>,<0A>,<0A>,<0A>,<0A>,<0A>,<ErrorState>,<ErrorState>,<ErrorState>,<ErrorState>,<ErrorState>,<0A>,<0A>,<0A>,<0A>,<0A>,<0A>,<0A>,<0A>,<0A>,<0A>,<0A>,<0A>,<0A>,<0A>,<0A>,<0A>,<0A>,<0A>,<0A>,<0A>,<0A>,<0A>,<0A>,<0A>,<0A>,<0A>,<0A>,<0A>,<0A>,<0A>,<0A>,<0A>,<0A>,<0A>,<0A>,<0A>,<0A>,<0A>,<0A>,<0A>,<0A>,<0A>,<0A>,<0A>,<0A>,<0A>,<0A>,<0A>,<0A>,<0A>,<0A>,<0A>,<0A>,<ErrorState>,<ErrorState>
*[<0A><int2>],<ErrorState>,<ErrorState>,<ErrorState>,<ErrorState>,<ErrorState>,<ErrorState>,<ErrorState>,<ErrorState>,<0A>,<0A>,<0A>,<0A>,<0A>,<0A>,<0A>,<0A>,<0A>,<0A>,<ErrorState>,<ErrorState>,<ErrorState>,<ErrorState>,<ErrorState>,<0A>,<0A>,<0A>,<0A>,<0A>,<0A>,<0A>,<0A>,<0A>,<0A>,<0A>,<0A>,<0A>,<0A>,<0A>,<0A>,<0A>,<0A>,<0A>,<0A>,<0A>,<0A>,<0A>,<0A>,<0A>,<0A>,<0A>,<0A>,<0A>,<0A>,<0A>,<0A>,<0A>,<0A>,<0A>,<0A>,<0A>,<0A>,<0A>,<0A>,<0A>,<0A>,<0A>,<0A>,<0A>,<0A>,[<0A><int3>],<0A>,<0A>,<0A>,<0A>,<0A>,<0A>,<ErrorState>,<ErrorState>
*[<0A><char2>],<ErrorState>,<ErrorState>,<ErrorState>,<ErrorState>,<ErrorState>,<ErrorState>,<ErrorState>,<ErrorState>,<0A>,<0A>,<0A>,<0A>,<0A>,<0A>,<0A>,<0A>,<0A>,<0A>,<ErrorState>,<ErrorState>,<ErrorState>,<ErrorState>,<ErrorState>,<0A>,<0A>,<0A>,<0A>,<0A>,<0A>,<0A>,<0A>,<0A>,<0A>,<0A>,<0A>,<0A>,<0A>,<0A>,<0A>,<0A>,<0A>,<0A>,<0A>,<0A>,<0A>,<0A>,<0A>,<0A>,<0A>,<0A>,[<0A><char3>],<0A>,<0A>,<0A>,<0A>,<0A>,<0A>,<0A>,<0A>,<0A>,<0A>,<0A>,<0A>,<0A>,<0A>,<0A>,<0A>,<0A>,<0A>,<0A>,<0A>,<0A>,<0A>,<0A>,<0A>,<0A>,<ErrorState>,<ErrorState>
*[<0A><while2>],<ErrorState>,<ErrorState>,<ErrorState>,<ErrorState>,<ErrorState>,<ErrorState>,<ErrorState>,<ErrorState>,<0A>,<0A>,<0A>,<0A>,<0A>,<0A>,<0A>,<0A>,<0A>,<0A>,<ErrorState>,<ErrorState>,<ErrorState>,<ErrorState>,<ErrorState>,<0A>,<0A>,<0A>,<0A>,<0A>,<0A>,<0A>,<0A>,<0A>,<0A>,<0A>,<0A>,<0A>,<0A>,<0A>,<0A>,<0A>,<0A>,<0A>,<0A>,<0A>,<0A>,<0A>,<0A>,<0A>,<0A>,<0A>,<0A>,<0A>,<0A>,<0A>,<0A>,<0A>,<0A>,<0A>,[<0A><while3>],<0A>,<0A>,<0A>,<0A>,<0A>,<0A>,<0A>,<0A>,<0A>,<0A>,<0A>,<0A>,<0A>,<0A>,<0A>,<0A>,<0A>,<ErrorState>,<ErrorState>
*[<0A><else2>],<ErrorState>,<ErrorState>,<ErrorState>,<ErrorState>,<ErrorState>,<ErrorState>,<ErrorState>,<ErrorState>,<0A>,<0A>,<0A>,<0A>,<0A>,<0A>,<0A>,<0A>,<0A>,<0A>,<ErrorState>,<ErrorState>,<ErrorState>,<ErrorState>,<ErrorState>,<0A>,<0A>,<0A>,<0A>,<0A>,<0A>,<0A>,<0A>,<0A>,<0A>,<0A>,<0A>,<0A>,<0A>,<0A>,<0A>,<0A>,<0A>,<0A>,<0A>,<0A>,<0A>,<0A>,<0A>,<0A>,<0A>,<0A>,<0A>,<0A>,<0A>,<0A>,<0A>,<0A>,<0A>,<0A>,<0A>,<0A>,<0A>,<0A>,<0A>,<0A>,<0A>,<0A>,<0A>,<0A>,[<0A><else3>],<0A>,<0A>,<0A>,<0A>,<0A>,<0A>,<0A>,<ErrorState>,<ErrorState>
*[<0A><goto2>],<ErrorState>,<ErrorState>,<ErrorState>,<ErrorState>,<ErrorState>,<ErrorState>,<ErrorState>,<ErrorState>,<0A>,<0A>,<0A>,<0A>,<0A>,<0A>,<0A>,<0A>,<0A>,<0A>,<ErrorState>,<ErrorState>,<ErrorState>,<ErrorState>,<ErrorState>,<0A>,<0A>,<0A>,<0A>,<0A>,<0A>,<0A>,<0A>,<0A>,<0A>,<0A>,<0A>,<0A>,<0A>,<0A>,<0A>,<0A>,<0A>,<0A>,<0A>,<0A>,<0A>,<0A>,<0A>,<0A>,<0A>,<0A>,<0A>,<0A>,<0A>,<0A>,<0A>,<0A>,<0A>,<0A>,<0A>,<0A>,<0A>,<0A>,<0A>,<0A>,<0A>,<0A>,<0A>,<0A>,<0A>,[<0A><goto3>],<0A>,<0A>,<0A>,<0A>,<0A>,<0A>,<ErrorState>,<ErrorState>
*<==2>,<ErrorState>,<ErrorState>,<ErrorState>,<ErrorState>,<ErrorState>,<ErrorState>,<ErrorState>,<ErrorState>,<ErrorState>,<ErrorState>,<ErrorState>,<ErrorState>,<ErrorState>,<ErrorState>,<ErrorState>,<ErrorState>,<ErrorState>,<ErrorState>,<ErrorState>,<ErrorState>,<ErrorState>,<ErrorState>,<ErrorState>,<ErrorState>,<ErrorState>,<ErrorState>,<ErrorState>,<ErrorState>,<ErrorState>,<ErrorState>,<ErrorState>,<ErrorState>,<ErrorState>,<ErrorState>,<ErrorState>,<ErrorState>,<ErrorState>,<ErrorState>,<ErrorState>,<ErrorState>,<ErrorState>,<ErrorState>,<ErrorState>,<ErrorState>,<ErrorState>,<ErrorState>,<ErrorState>,<ErrorState>,<ErrorState>,<ErrorState>,<ErrorState>,<ErrorState>,<ErrorState>,<ErrorState>,<ErrorState>,<ErrorState>,<ErrorState>,<ErrorState>,<ErrorState>,<ErrorState>,<ErrorState>,<ErrorState>,<ErrorState>,<ErrorState>,<ErrorState>,<ErrorState>,<ErrorState>,<ErrorState>,<ErrorState>,<ErrorState>,<ErrorState>,<ErrorState>,<ErrorState>,<ErrorState>,<ErrorState>,<ErrorState>,<ErrorState>,<ErrorState>
*<!=2>,<ErrorState>,<ErrorState>,<ErrorState>,<ErrorState>,<ErrorState>,<ErrorState>,<ErrorState>,<ErrorState>,<ErrorState>,<ErrorState>,<ErrorState>,<ErrorState>,<ErrorState>,<ErrorState>,<ErrorState>,<ErrorState>,<ErrorState>,<ErrorState>,<ErrorState>,<ErrorState>,<ErrorState>,<ErrorState>,<ErrorState>,<ErrorState>,<ErrorState>,<ErrorState>,<ErrorState>,<ErrorState>,<ErrorState>,<ErrorState>,<ErrorState>,<ErrorState>,<ErrorState>,<ErrorState>,<ErrorState>,<ErrorState>,<ErrorState>,<ErrorState>,<ErrorState>,<ErrorState>,<ErrorState>,<ErrorState>,<ErrorState>,<ErrorState>,<ErrorState>,<ErrorState>,<ErrorState>,<ErrorState>,<ErrorState>,<ErrorState>,<ErrorState>,<ErrorState>,<ErrorState>,<ErrorState>,<ErrorState>,<ErrorState>,<ErrorState>,<ErrorState>,<ErrorState>,<ErrorState>,<ErrorState>,<ErrorState>,<ErrorState>,<ErrorState>,<ErrorState>,<ErrorState>,<ErrorState>,<ErrorState>,<ErrorState>,<ErrorState>,<ErrorState>,<ErrorState>,<ErrorState>,<ErrorState>,<ErrorState>,<ErrorState>,<ErrorState>,<ErrorState>
*<>=2>,<ErrorState>,<ErrorState>,<ErrorState>,<ErrorState>,<ErrorState>,<ErrorState>,<ErrorState>,<ErrorState>,<ErrorState>,<ErrorState>,<ErrorState>,<ErrorState>,<ErrorState>,<ErrorState>,<ErrorState>,<ErrorState>,<ErrorState>,<ErrorState>,<ErrorState>,<ErrorState>,<ErrorState>,<ErrorState>,<ErrorState>,<ErrorState>,<ErrorState>,<ErrorState>,<ErrorState>,<ErrorState>,<ErrorState>,<ErrorState>,<ErrorState>,<ErrorState>,<ErrorState>,<ErrorState>,<ErrorState>,<ErrorState>,<ErrorState>,<ErrorState>,<ErrorState>,<ErrorState>,<ErrorState>,<ErrorState>,<ErrorState>,<ErrorState>,<ErrorState>,<ErrorState>,<ErrorState>,<ErrorState>,<ErrorState>,<ErrorState>,<ErrorState>,<ErrorState>,<ErrorState>,<ErrorState>,<ErrorState>,<ErrorState>,<ErrorState>,<ErrorState>,<ErrorState>,<ErrorState>,<ErrorState>,<ErrorState>,<ErrorState>,<ErrorState>,<ErrorState>,<ErrorState>,<ErrorState>,<ErrorState>,<ErrorState>,<ErrorState>,<ErrorState>,<ErrorState>,<ErrorState>,<ErrorState>,<ErrorState>,<ErrorState>,<ErrorState>,<ErrorState>
*<<=2>,<ErrorState>,<ErrorState>,<ErrorState>,<ErrorState>,<ErrorState>,<ErrorState>,<ErrorState>,<ErrorState>,<ErrorState>,<ErrorState>,<ErrorState>,<ErrorState>,<ErrorState>,<ErrorState>,<ErrorState>,<ErrorState>,<ErrorState>,<ErrorState>,<ErrorState>,<ErrorState>,<ErrorState>,<ErrorState>,<ErrorState>,<ErrorState>,<ErrorState>,<ErrorState>,<ErrorState>,<ErrorState>,<ErrorState>,<ErrorState>,<ErrorState>,<ErrorState>,<ErrorState>,<ErrorState>,<ErrorState>,<ErrorState>,<ErrorState>,<ErrorState>,<ErrorState>,<ErrorState>,<ErrorState>,<ErrorState>,<ErrorState>,<ErrorState>,<ErrorState>,<ErrorState>,<ErrorState>,<ErrorState>,<ErrorState>,<ErrorState>,<ErrorState>,<ErrorState>,<ErrorState>,<ErrorState>,<ErrorState>,<ErrorState>,<ErrorState>,<ErrorState>,<ErrorState>,<ErrorState>,<ErrorState>,<ErrorState>,<ErrorState>,<ErrorState>,<ErrorState>,<ErrorState>,<ErrorState>,<ErrorState>,<ErrorState>,<ErrorState>,<ErrorState>,<ErrorState>,<ErrorState>,<ErrorState>,<ErrorState>,<ErrorState>,<ErrorState>,<ErrorState>
<2B>,<ErrorState>,<2Bend>,<ErrorState>,<ErrorState>,<ErrorState>,<ErrorState>,<ErrorState>,<ErrorState>,<ErrorState>,<ErrorState>,<ErrorState>,<ErrorState>,<ErrorState>,<ErrorState>,<ErrorState>,<ErrorState>,<ErrorState>,<ErrorState>,<ErrorState>,<ErrorState>,<ErrorState>,<ErrorState>,<ErrorState>,<ErrorState>,<ErrorState>,<ErrorState>,<ErrorState>,<ErrorState>,<ErrorState>,<ErrorState>,<ErrorState>,<ErrorState>,<ErrorState>,<ErrorState>,<ErrorState>,<ErrorState>,<ErrorState>,<ErrorState>,<ErrorState>,<ErrorState>,<ErrorState>,<ErrorState>,<ErrorState>,<ErrorState>,<ErrorState>,<ErrorState>,<ErrorState>,<ErrorState>,<ErrorState>,<ErrorState>,<ErrorState>,<ErrorState>,<ErrorState>,<ErrorState>,<ErrorState>,<ErrorState>,<ErrorState>,<ErrorState>,<ErrorState>,<ErrorState>,<ErrorState>,<ErrorState>,<ErrorState>,<ErrorState>,<ErrorState>,<ErrorState>,<ErrorState>,<ErrorState>,<ErrorState>,<ErrorState>,<ErrorState>,<ErrorState>,<ErrorState>,<ErrorState>,<ErrorState>,<ErrorState>,<ErrorState>,<ErrorState>
*[<0A><int3>],<ErrorState>,<ErrorState>,<ErrorState>,<ErrorState>,<ErrorState>,<ErrorState>,<ErrorState>,<ErrorState>,<0A>,<0A>,<0A>,<0A>,<0A>,<0A>,<0A>,<0A>,<0A>,<0A>,<ErrorState>,<ErrorState>,<ErrorState>,<ErrorState>,<ErrorState>,<0A>,<0A>,<0A>,<0A>,<0A>,<0A>,<0A>,<0A>,<0A>,<0A>,<0A>,<0A>,<0A>,<0A>,<0A>,<0A>,<0A>,<0A>,<0A>,<0A>,<0A>,<0A>,<0A>,<0A>,<0A>,<0A>,<0A>,<0A>,<0A>,<0A>,<0A>,<0A>,<0A>,<0A>,<0A>,<0A>,<0A>,<0A>,<0A>,<0A>,<0A>,<0A>,<0A>,<0A>,<0A>,<0A>,<0A>,<0A>,<0A>,<0A>,<0A>,<0A>,<0A>,<ErrorState>,<ErrorState>
*[<0A><char3>],<ErrorState>,<ErrorState>,<ErrorState>,<ErrorState>,<ErrorState>,<ErrorState>,<ErrorState>,<ErrorState>,<0A>,<0A>,<0A>,<0A>,<0A>,<0A>,<0A>,<0A>,<0A>,<0A>,<ErrorState>,<ErrorState>,<ErrorState>,<ErrorState>,<ErrorState>,<0A>,<0A>,<0A>,<0A>,<0A>,<0A>,<0A>,<0A>,<0A>,<0A>,<0A>,<0A>,<0A>,<0A>,<0A>,<0A>,<0A>,<0A>,<0A>,<0A>,<0A>,<0A>,<0A>,<0A>,<0A>,<0A>,<0A>,<0A>,<0A>,<0A>,<0A>,<0A>,<0A>,<0A>,<0A>,<0A>,<0A>,<0A>,<0A>,<0A>,<0A>,<0A>,<0A>,<0A>,[<0A><char4>],<0A>,<0A>,<0A>,<0A>,<0A>,<0A>,<0A>,<0A>,<ErrorState>,<ErrorState>
*[<0A><while3>],<ErrorState>,<ErrorState>,<ErrorState>,<ErrorState>,<ErrorState>,<ErrorState>,<ErrorState>,<ErrorState>,<0A>,<0A>,<0A>,<0A>,<0A>,<0A>,<0A>,<0A>,<0A>,<0A>,<ErrorState>,<ErrorState>,<ErrorState>,<ErrorState>,<ErrorState>,<0A>,<0A>,<0A>,<0A>,<0A>,<0A>,<0A>,<0A>,<0A>,<0A>,<0A>,<0A>,<0A>,<0A>,<0A>,<0A>,<0A>,<0A>,<0A>,<0A>,<0A>,<0A>,<0A>,<0A>,<0A>,<0A>,<0A>,<0A>,<0A>,<0A>,<0A>,<0A>,<0A>,<0A>,<0A>,<0A>,<0A>,<0A>,[<0A><while4>],<0A>,<0A>,<0A>,<0A>,<0A>,<0A>,<0A>,<0A>,<0A>,<0A>,<0A>,<0A>,<0A>,<0A>,<ErrorState>,<ErrorState>
*[<0A><else3>],<ErrorState>,<ErrorState>,<ErrorState>,<ErrorState>,<ErrorState>,<ErrorState>,<ErrorState>,<ErrorState>,<0A>,<0A>,<0A>,<0A>,<0A>,<0A>,<0A>,<0A>,<0A>,<0A>,<ErrorState>,<ErrorState>,<ErrorState>,<ErrorState>,<ErrorState>,<0A>,<0A>,<0A>,<0A>,<0A>,<0A>,<0A>,<0A>,<0A>,<0A>,<0A>,<0A>,<0A>,<0A>,<0A>,<0A>,<0A>,<0A>,<0A>,<0A>,<0A>,<0A>,<0A>,<0A>,<0A>,<0A>,<0A>,<0A>,<0A>,<0A>,<0A>,[<0A><else4>],<0A>,<0A>,<0A>,<0A>,<0A>,<0A>,<0A>,<0A>,<0A>,<0A>,<0A>,<0A>,<0A>,<0A>,<0A>,<0A>,<0A>,<0A>,<0A>,<0A>,<0A>,<ErrorState>,<ErrorState>
*[<0A><goto3>],<ErrorState>,<ErrorState>,<ErrorState>,<ErrorState>,<ErrorState>,<ErrorState>,<ErrorState>,<ErrorState>,<0A>,<0A>,<0A>,<0A>,<0A>,<0A>,<0A>,<0A>,<0A>,<0A>,<ErrorState>,<ErrorState>,<ErrorState>,<ErrorState>,<ErrorState>,<0A>,<0A>,<0A>,<0A>,<0A>,<0A>,<0A>,<0A>,<0A>,<0A>,<0A>,<0A>,<0A>,<0A>,<0A>,<0A>,<0A>,<0A>,<0A>,<0A>,<0A>,<0A>,<0A>,<0A>,<0A>,<0A>,<0A>,<0A>,<0A>,<0A>,<0A>,<0A>,<0A>,<0A>,<0A>,<0A>,<0A>,<0A>,<0A>,<0A>,<0A>,[<0A><goto4>],<0A>,<0A>,<0A>,<0A>,<0A>,<0A>,<0A>,<0A>,<0A>,<0A>,<0A>,<ErrorState>,<ErrorState>
*<2Bend>,<ErrorState>,<ErrorState>,<ErrorState>,<ErrorState>,<ErrorState>,<ErrorState>,<ErrorState>,<ErrorState>,<ErrorState>,<ErrorState>,<ErrorState>,<ErrorState>,<ErrorState>,<ErrorState>,<ErrorState>,<ErrorState>,<ErrorState>,<ErrorState>,<ErrorState>,<ErrorState>,<ErrorState>,<ErrorState>,<ErrorState>,<ErrorState>,<ErrorState>,<ErrorState>,<ErrorState>,<ErrorState>,<ErrorState>,<ErrorState>,<ErrorState>,<ErrorState>,<ErrorState>,<ErrorState>,<ErrorState>,<ErrorState>,<ErrorState>,<ErrorState>,<ErrorState>,<ErrorState>,<ErrorState>,<ErrorState>,<ErrorState>,<ErrorState>,<ErrorState>,<ErrorState>,<ErrorState>,<ErrorState>,<ErrorState>,<ErrorState>,<ErrorState>,<ErrorState>,<ErrorState>,<ErrorState>,<ErrorState>,<ErrorState>,<ErrorState>,<ErrorState>,<ErrorState>,<ErrorState>,<ErrorState>,<ErrorState>,<ErrorState>,<ErrorState>,<ErrorState>,<ErrorState>,<ErrorState>,<ErrorState>,<ErrorState>,<ErrorState>,<ErrorState>,<ErrorState>,<ErrorState>,<ErrorState>,<ErrorState>,<ErrorState>,<ErrorState>,<ErrorState>
*[<0A><char4>],<ErrorState>,<ErrorState>,<ErrorState>,<ErrorState>,<ErrorState>,<ErrorState>,<ErrorState>,<ErrorState>,<0A>,<0A>,<0A>,<0A>,<0A>,<0A>,<0A>,<0A>,<0A>,<0A>,<ErrorState>,<ErrorState>,<ErrorState>,<ErrorState>,<ErrorState>,<0A>,<0A>,<0A>,<0A>,<0A>,<0A>,<0A>,<0A>,<0A>,<0A>,<0A>,<0A>,<0A>,<0A>,<0A>,<0A>,<0A>,<0A>,<0A>,<0A>,<0A>,<0A>,<0A>,<0A>,<0A>,<0A>,<0A>,<0A>,<0A>,<0A>,<0A>,<0A>,<0A>,<0A>,<0A>,<0A>,<0A>,<0A>,<0A>,<0A>,<0A>,<0A>,<0A>,<0A>,<0A>,<0A>,<0A>,<0A>,<0A>,<0A>,<0A>,<0A>,<0A>,<ErrorState>,<ErrorState>
*[<0A><while4>],<ErrorState>,<ErrorState>,<ErrorState>,<ErrorState>,<ErrorState>,<ErrorState>,<ErrorState>,<ErrorState>,<0A>,<0A>,<0A>,<0A>,<0A>,<0A>,<0A>,<0A>,<0A>,<0A>,<ErrorState>,<ErrorState>,<ErrorState>,<ErrorState>,<ErrorState>,<0A>,<0A>,<0A>,<0A>,<0A>,<0A>,<0A>,<0A>,<0A>,<0A>,<0A>,<0A>,<0A>,<0A>,<0A>,<0A>,<0A>,<0A>,<0A>,<0A>,<0A>,<0A>,<0A>,<0A>,<0A>,<0A>,<0A>,<0A>,<0A>,<0A>,<0A>,[<0A><while5>],<0A>,<0A>,<0A>,<0A>,<0A>,<0A>,<0A>,<0A>,<0A>,<0A>,<0A>,<0A>,<0A>,<0A>,<0A>,<0A>,<0A>,<0A>,<0A>,<0A>,<0A>,<ErrorState>,<ErrorState>
*[<0A><else4>],<ErrorState>,<ErrorState>,<ErrorState>,<ErrorState>,<ErrorState>,<ErrorState>,<ErrorState>,<ErrorState>,<0A>,<0A>,<0A>,<0A>,<0A>,<0A>,<0A>,<0A>,<0A>,<0A>,<ErrorState>,<ErrorState>,<ErrorState>,<ErrorState>,<ErrorState>,<0A>,<0A>,<0A>,<0A>,<0A>,<0A>,<0A>,<0A>,<0A>,<0A>,<0A>,<0A>,<0A>,<0A>,<0A>,<0A>,<0A>,<0A>,<0A>,<0A>,<0A>,<0A>,<0A>,<0A>,<0A>,<0A>,<0A>,<0A>,<0A>,<0A>,<0A>,<0A>,<0A>,<0A>,<0A>,<0A>,<0A>,<0A>,<0A>,<0A>,<0A>,<0A>,<0A>,<0A>,<0A>,<0A>,<0A>,<0A>,<0A>,<0A>,<0A>,<0A>,<0A>,<ErrorState>,<ErrorState>
*[<0A><goto4>],<ErrorState>,<ErrorState>,<ErrorState>,<ErrorState>,<ErrorState>,<ErrorState>,<ErrorState>,<ErrorState>,<0A>,<0A>,<0A>,<0A>,<0A>,<0A>,<0A>,<0A>,<0A>,<0A>,<ErrorState>,<ErrorState>,<ErrorState>,<ErrorState>,<ErrorState>,<0A>,<0A>,<0A>,<0A>,<0A>,<0A>,<0A>,<0A>,<0A>,<0A>,<0A>,<0A>,<0A>,<0A>,<0A>,<0A>,<0A>,<0A>,<0A>,<0A>,<0A>,<0A>,<0A>,<0A>,<0A>,<0A>,<0A>,<0A>,<0A>,<0A>,<0A>,<0A>,<0A>,<0A>,<0A>,<0A>,<0A>,<0A>,<0A>,<0A>,<0A>,<0A>,<0A>,<0A>,<0A>,<0A>,<0A>,<0A>,<0A>,<0A>,<0A>,<0A>,<0A>,<ErrorState>,<ErrorState>
*[<0A><while5>],<ErrorState>,<ErrorState>,<ErrorState>,<ErrorState>,<ErrorState>,<ErrorState>,<ErrorState>,<ErrorState>,<0A>,<0A>,<0A>,<0A>,<0A>,<0A>,<0A>,<0A>,<0A>,<0A>,<ErrorState>,<ErrorState>,<ErrorState>,<ErrorState>,<ErrorState>,<0A>,<0A>,<0A>,<0A>,<0A>,<0A>,<0A>,<0A>,<0A>,<0A>,<0A>,<0A>,<0A>,<0A>,<0A>,<0A>,<0A>,<0A>,<0A>,<0A>,<0A>,<0A>,<0A>,<0A>,<0A>,<0A>,<0A>,<0A>,<0A>,<0A>,<0A>,<0A>,<0A>,<0A>,<0A>,<0A>,<0A>,<0A>,<0A>,<0A>,<0A>,<0A>,<0A>,<0A>,<0A>,<0A>,<0A>,<0A>,<0A>,<0A>,<0A>,<0A>,<0A>,<ErrorState>,<ErrorState>
*<ErrorState>,<ErrorState>,<ErrorState>,<ErrorState>,<ErrorState>,<ErrorState>,<ErrorState>,<ErrorState>,<ErrorState>,<ErrorState>,<ErrorState>,<ErrorState>,<ErrorState>,<ErrorState>,<ErrorState>,<ErrorState>,<ErrorState>,<ErrorState>,<ErrorState>,<ErrorState>,<ErrorState>,<ErrorState>,<ErrorState>,<ErrorState>,<ErrorState>,<ErrorState>,<ErrorState>,<ErrorState>,<ErrorState>,<ErrorState>,<ErrorState>,<ErrorState>,<ErrorState>,<ErrorState>,<ErrorState>,<ErrorState>,<ErrorState>,<ErrorState>,<ErrorState>,<ErrorState>,<ErrorState>,<ErrorState>,<ErrorState>,<ErrorState>,<ErrorState>,<ErrorState>,<ErrorState>,<ErrorState>,<ErrorState>,<ErrorState>,<ErrorState>,<ErrorState>,<ErrorState>,<ErrorState>,<ErrorState>,<ErrorState>,<ErrorState>,<ErrorState>,<ErrorState>,<ErrorState>,<ErrorState>,<ErrorState>,<ErrorState>,<ErrorState>,<ErrorState>,<ErrorState>,<ErrorState>,<ErrorState>,<ErrorState>,<ErrorState>,<ErrorState>,<ErrorState>,<ErrorState>,<ErrorState>,<ErrorState>,<ErrorState>,<ErrorState>,<ErrorState>,<ErrorState>
